Datetime,Water Level (m)
2026-10-02 18:00:00,0.7208633
2026-10-02 19:00:00,0.9465967
2026-10-02 20:00:00,1.0368712
2026-10-02 21:00:00,0.9206458
2026-10-02 22:00:00,0.5715249
2026-10-02 23:00:00,0.20209014
2026-10-03 00:00:00,-0.086185284
2026-10-03 01:00:00,-0.28125796
2026-10-03 02:00:00,-0.3352675
2026-10-03 03:00:00,-0.23596737
2026-10-03 04:00:00,-0.055098623
2026-10-03 05:00:00,0.1735264
2026-10-03 06:00:00,0.38433596
2026-10-03 07:00:00,0.5454451
2026-10-03 08:00:00,0.62761414
2026-10-03 09:00:00,0.57065123
2026-10-03 10:00:00,0.365186
2026-10-03 11:00:00,0.11225153
2026-10-03 12:00:00,-0.121256076
2026-10-03 13:00:00,-0.30513236
2026-10-03 14:00:00,-0.3935278
2026-10-03 15:00:00,-0.3188019
2026-10-03 16:00:00,-0.1284995
2026-10-03 17:00:00,0.13277486
2026-10-03 18:00:00,0.40017658
2026-10-03 19:00:00,0.6477963
2026-10-03 20:00:00,0.843392
2026-10-03 21:00:00,0.915211
2026-10-03 22:00:00,0.8206213
2026-10-03 23:00:00,0.5836005
2026-10-04 00:00:00,0.3131644
2026-10-04 01:00:00,0.068753995
2026-10-04 02:00:00,-0.14243746
2026-10-04 03:00:00,-0.26258057
2026-10-04 04:00:00,-0.2614922
2026-10-04 05:00:00,-0.16954683
2026-10-04 06:00:00,0.0020126284
2026-10-04 07:00:00,0.21539727
2026-10-04 08:00:00,0.41020766
2026-10-04 09:00:00,0.5382744
2026-10-04 10:00:00,0.57275337
2026-10-04 11:00:00,0.48230577
2026-10-04 12:00:00,0.28996643
2026-10-04 13:00:00,0.06677644
2026-10-04 14:00:00,-0.13154744
2026-10-04 15:00:00,-0.2515318
2026-10-04 16:00:00,-0.2734908
2026-10-04 17:00:00,-0.18033127
2026-10-04 18:00:00,0.000689373
2026-10-04 19:00:00,0.25138763
2026-10-04 20:00:00,0.5000721
2026-10-04 21:00:00,0.72540647
2026-10-04 22:00:00,0.86297363
2026-10-04 23:00:00,0.888141
2026-10-05 00:00:00,0.75645554
2026-10-05 01:00:00,0.49348545
2026-10-05 02:00:00,0.19792151
2026-10-05 03:00:00,-0.07544127
2026-10-05 04:00:00,-0.2597185
2026-10-05 05:00:00,-0.3335789
2026-10-05 06:00:00,-0.28953242
2026-10-05 07:00:00,-0.1414442
2026-10-05 08:00:00,0.116354264
2026-10-05 09:00:00,0.37926462
2026-10-05 10:00:00,0.5576976
2026-10-05 11:00:00,0.659631
2026-10-05 12:00:00,0.6620659
2026-10-05 13:00:00,0.5137503
2026-10-05 14:00:00,0.25884074
2026-10-05 15:00:00,-0.0028317042
2026-10-05 16:00:00,-0.1984918
2026-10-05 17:00:00,-0.30615443
2026-10-05 18:00:00,-0.3095505
2026-10-05 19:00:00,-0.17780387
2026-10-05 20:00:00,0.08297577
2026-10-05 21:00:00,0.3889962
2026-10-05 22:00:00,0.65999
2026-10-05 23:00:00,0.8726362
2026-10-06 00:00:00,0.9766613
2026-10-06 01:00:00,0.90233076
2026-10-06 02:00:00,0.6090514
2026-10-06 03:00:00,0.23292907
2026-10-06 04:00:00,-0.101622894
2026-10-06 05:00:00,-0.34828213
2026-10-06 06:00:00,-0.4826221
2026-10-06 07:00:00,-0.45259938
2026-10-06 08:00:00,-0.2798846
2026-10-06 09:00:00,0.023508448
2026-10-06 10:00:00,0.3413287
2026-10-06 11:00:00,0.5958995
2026-10-06 12:00:00,0.7839223
2026-10-06 13:00:00,0.852958
2026-10-06 14:00:00,0.7168929
2026-10-06 15:00:00,0.38781348
2026-10-06 16:00:00,0.022150341
2026-10-06 17:00:00,-0.26064843
2026-10-06 18:00:00,-0.4397338
2026-10-06 19:00:00,-0.4583739
2026-10-06 20:00:00,-0.30182588
2026-10-06 21:00:00,-0.00067597145
2026-10-06 22:00:00,0.36320418
2026-10-06 23:00:00,0.6846673
2026-10-07 00:00:00,0.9437513
2026-10-07 01:00:00,1.0781908
2026-10-07 02:00:00,0.9896634
2026-10-07 03:00:00,0.64462966
2026-10-07 04:00:00,0.20116399
2026-10-07 05:00:00,-0.18590485
2026-10-07 06:00:00,-0.47409278
2026-10-07 07:00:00,-0.622017
2026-10-07 08:00:00,-0.5467006
2026-10-07 09:00:00,-0.2918693
2026-10-07 10:00:00,0.07445654
2026-10-07 11:00:00,0.4503097
2026-10-07 12:00:00,0.74881506
2026-10-07 13:00:00,0.9707063
2026-10-07 14:00:00,1.0331516
2026-10-07 15:00:00,0.8341209
2026-10-07 16:00:00,0.40847203
2026-10-07 17:00:00,-0.032924138
2026-10-07 18:00:00,-0.3657361
2026-10-07 19:00:00,-0.56918615
2026-10-07 20:00:00,-0.5628216
2026-10-07 21:00:00,-0.34542337
2026-10-07 22:00:00,0.009938506
2026-10-07 23:00:00,0.43336028
2026-10-08 00:00:00,0.78381985
2026-10-08 01:00:00,1.0415171
2026-10-08 02:00:00,1.154382
2026-10-08 03:00:00,1.0069305
2026-10-08 04:00:00,0.5723136
2026-10-08 05:00:00,0.070418656
2026-10-08 06:00:00,-0.33452964
2026-10-08 07:00:00,-0.6102201
2026-10-08 08:00:00,-0.7122613
2026-10-08 09:00:00,-0.5306547
2026-10-08 10:00:00,-0.192222
2026-10-08 11:00:00,0.25064066
2026-10-08 12:00:00,0.648865
2026-10-08 13:00:00,0.9626909
2026-10-08 14:00:00,1.179217
2026-10-08 15:00:00,1.1695349
2026-10-08 16:00:00,0.84072524
2026-10-08 17:00:00,0.3226563
2026-10-08 18:00:00,-0.1522385
